"done","id","seiscomp_parent_oid","table_name","mKEY","eq_key","origin_time","origin_msec","time_uncertainty","latitude","longitude","depth","region_old","region_ge","region_en","area","station_record_count","station_used_count","phases_count","phases_used_count","gap","station_min_distance","epicenter_uncertainty","latitude_uncertainty","longitude_uncertainty","depth_uncertainty","intencity","vmId","shake_source","info_ge","info_en","important","comment","time_hypocenter_program","creator_id","editor_id","last_edit_time","eqId","ml","ml_uncertainty","creator_fullname","editor_fullname"
,"9439",NULL,,NULL,"20070209022255.940","2007-02-09 02:22:55","940","0.36","38.356","39.051","14.03","თურქეთი","თურქეთი",,"regional","47","47","52","52","119","55","1.2",NULL,NULL,"1.4",NULL,"28","earthquake",,,"No",,"Hypo 71","0","114","2025-05-02 04:37:20","9439","5.52",NULL,"0","თინათინი როსტომაშვილი"
,"63630",NULL,,NULL,"20081011090606.870","2008-10-11 09:06:06","870","0.43","43.4195","46.3933","8","გროზნო","რუსეთი",,"regional","28","28","44","44","268","202","4.3",NULL,NULL,"3.6",NULL,"28","earthquake",,,"No","KHVA-ს ნიშნები არ ემთხვევა ეპიცენტრის მიმართულებას.","Hypo 71_MT(Depth)","0","166","2025-04-25 10:17:14","63630","5.88",NULL,"0","ლანა რატიანი"
,"68905",NULL,,NULL,"20120507044028.110","2012-05-07 04:40:28","110","0.46","41.4561","46.7173","26.66","აზერბაიჯანი","აზერბაიჯანი",,"regional","49","49","83","83","37","50","1",NULL,NULL,"1.9",NULL,"28","earthquake",,,"No",,"Hypo 71","43","114","2025-04-30 04:07:54","68905","6.05",NULL,"გიორგი ფეიქრიშვილი","თინათინი როსტომაშვილი"
,"110360",NULL,,NULL,"20121223133138.390","2012-12-23 13:31:38","390","0.29","42.4321","40.9996","17.45","შავი ზღვა","შავი ზღვა. საქართველოს სანაპირო ზოლიდან – 39კმ.","Black Sea. From Georgia coastline – 39km.","local","26","25","41","40","116","95","1.3",NULL,NULL,"1.9",NULL,"28","earthquake","2012-12-23 13:31:38(UTC). მაგნიტუდა = 6ml. შავი ზღვა. საქართველოს სანაპირო ზოლიდან – 39კმ.","2012-12-23 13:31:38(UTC). Magnitude = 6ml. Black Sea. From Georgia coastline – 39km.","Yes",,"Hypo 71","17","114","2025-05-02 05:03:26","110360","6.00",NULL,"მანანა ძმანაშვილი","თინათინი როსტომაშვილი"
,"110556",NULL,,NULL,"20121225224431.820","2012-12-25 22:44:31","820","0.28","42.4205","40.9601","24.46","შავი ზღვა","შავი ზღვა. საქართველოს სანაპირო ზოლიდან – 41კმ.","Black Sea. From Georgia coastline – 41km.","local","18","18","29","29","162","98","1.3",NULL,NULL,"1.5",NULL,"28","earthquake","2012-12-25 22:44:31(UTC). მაგნიტუდა = 5.6ml. შავი ზღვა. საქართველოს სანაპირო ზოლიდან – 41კმ.","2012-12-25 22:44:31(UTC). Magnitude = 5.6ml. Black Sea. From Georgia coastline – 41km.","Yes",,"Hypo 71","17","114","2025-05-02 05:04:07","110556","5.58",NULL,"მანანა ძმანაშვილი","თინათინი როსტომაშვილი"
"y","125471",NULL,,"20090907224138.2","20090907224135.910","2009-09-07 22:41:35","910","0.09","42.5308","43.4756","9.72","ონი","ონი",,"local","30","30","42","42","62","7","0.31",NULL,NULL,"0.53",NULL,"28","earthquake",,,"No",,"HypoInverse","0","114","2025-04-30 04:04:19","125471","5.76",NULL,"0","თინათინი როსტომაშვილი"
,"146812",NULL,,NULL,"20140210120646.290","2014-02-10 12:06:46","290","0.37","40.2378","48.7016","76.67","აზერბაიჯანი","აზერბაიჯანი",,"regional","52","52","68","68","75","39","1.4",NULL,NULL,"2.4",NULL,"28","earthquake",,,"No",,"Hypo 71","36","30","2018-09-28 14:21:38","146812","5.53",NULL,"ნინო ჩიქოვანი","ინგა ხელაშვილი"
,"248082",NULL,,NULL,"20150904044937.830","2015-09-04 04:49:37","830","0.43","40.9698","47.4048","26.01","აზერბაიჯანი","აზერბაიჯანი. საქართველოს საზღვრიდან – 64კმ.","Azerbaijan. From Georgia border - 64km.","regional","41","41","53","53","83","32","1.2",NULL,NULL,"1.2",NULL,"28","earthquake","2015-09-04 04:49:37(UTC). მაგნიტუდა = 5.62ml. აზერბაიჯანი. საქართველოს საზღვრიდან – 64კმ.","2015-09-04 04:49:37(UTC). Magnitude = 5.62ml. Azerbaijan. From Georgia border - 64km.","No",,"Hypo 71","16","17","2019-12-06 10:43:34","248082","5.62",NULL,"ნინო თვარაძე","მანანა ძმანაშვილი"
,"261684",NULL,,NULL,"19910929170820.000","1991-09-29 17:08:20","0",NULL,NULL,NULL,NULL,,,,"local","10","0","15","0",NULL,NULL,NULL,NULL,NULL,NULL,NULL,"0","earthquake",,,,,"Raw","33","33","2015-12-28 08:36:10","261684","6.60",NULL,"მარი ქუთათელაძე","მარი ქუთათელაძე"
,"273995",NULL,,NULL,"20001125180909.500","2000-11-25 18:09:09","500",NULL,"40.14","50.05","30",,,,,NULL,NULL,NULL,"0",NULL,NULL,NULL,NULL,NULL,NULL,NULL,"0","earthquake",,,"No",,,"31","31","2016-05-10 12:08:55","273995","6.05",NULL,"მარინე ზიბზიბაძე","მარინე ზიბზიბაძე"
,"273997",NULL,,NULL,"20001125181040.500","2000-11-25 18:10:40","500",NULL,"40","50","35",,,,,NULL,NULL,NULL,"0",NULL,NULL,NULL,NULL,NULL,NULL,NULL,"0","earthquake",,,"No",,,"31","31","2016-05-10 12:08:43","273997","6.45",NULL,"მარინე ზიბზიბაძე","მარინე ზიბზიბაძე"
,"283720",NULL,,NULL,"20160801044636.320","2016-08-01 04:46:36","320","0.43","39.9226","47.8711","30.54",,"აზერბაიჯანი",,"regional","68","68","89","89","73","35","1.3",NULL,NULL,"1.6",NULL,"28","earthquake",,,"Yes","cauhaz","Hypo 71","17","30","2017-04-13 11:21:24","283720","5.58",NULL,"მანანა ძმანაშვილი","ინგა ხელაშვილი"
,"297973",NULL,,NULL,"20170505051400.700","2017-05-05 05:14:00","700",NULL,NULL,NULL,NULL,,"ტაჯიკეთი",,"global","35","0","59","0",NULL,NULL,NULL,NULL,NULL,NULL,NULL,"0","earthquake",,,"No",,"Raw","118","35","2018-02-16 08:39:19","297973","5.80",NULL,"დავით წიკლაური","თინათინ სიმონიშვილი"
,"309514",NULL,,NULL,"20171115194802.850","2017-11-15 19:48:02","850","0.28","40.1966","47.1316","30.6",,"აზერბაიჯანი. საქართველოს საზღვრიდან – 107კმ.","Azerbaijan. From Georgia border - 107km.","regional","114","114","163","163","66","8","0.43",NULL,NULL,"0.61",NULL,"28","earthquake","2017-11-15 19:48:02(UTC). მაგნიტუდა = 5.63ml. აზერბაიჯანი. საქართველოს საზღვრიდან – 107კმ.","2017-11-15 19:48:02(UTC). Magnitude = 5.63ml. Azerbaijan. From Georgia border - 107km.","No",,"HypoInverse","104","30","2018-06-19 12:41:38","309514","5.68",NULL,"ბექა სულაშვილი","ინგა ხელაშვილი"
,"314750",NULL,,NULL,"20180107011028.260","2018-01-07 01:10:28","260",NULL,"40.01","53.67","2",,"თურქმენისტანი",,"regional","46","46","71","71",NULL,NULL,NULL,NULL,NULL,NULL,NULL,"28","earthquake",,,"No",,"Other","125","17","2019-02-14 07:26:51","314750","5.66",NULL,"საბა გუჯაბიძე","მანანა ძმანაშვილი"
,"340112",NULL,,NULL,"20180605184027.990","2018-06-05 18:40:27","990","0.29","41.4215","46.6656","9",,"აზერბაიჯანი. საქართველოს საზღვრიდან – 5კმ.","Azerbaijan. From Georgia border - 5km.","regional","96","96","162","162","42","50","0.46",NULL,NULL,"0.73",NULL,"28","earthquake","2018-06-05 18:40:27(UTC). მაგნიტუდა = 5.73ml. აზერბაიჯანი. საქართველოს საზღვრიდან – 5კმ.","2018-06-05 18:40:27(UTC). Magnitude = 5.73ml. Azerbaijan. From Georgia border - 5km.","Yes",,"HypoInverse_MT(Depth)","17","166","2025-04-24 10:41:13","340112","5.73",NULL,"მანანა ძმანაშვილი","ლანა რატიანი"
,"350291",NULL,,NULL,"20180825221452.703","2018-08-25 22:14:52","703",NULL,NULL,NULL,NULL,,"ირანი",,"regional","44","0","73","0",NULL,NULL,NULL,NULL,NULL,NULL,NULL,"0","earthquake",,,"No",,"Raw","33","33","2018-08-27 12:40:53","350291","6.40",NULL,"მარი ქუთათელაძე","მარი ქუთათელაძე"
,"411180",NULL,,NULL,"20191107224708.830","2019-11-07 22:47:08","830","0.38","38.0378","47.5445","11.99",,"ირანი",,"regional","55","55","73","73","222","97","3.3",NULL,NULL,"2.2",NULL,"28","earthquake",,,"No",,"Hypo 71","128","33","2020-01-20 09:23:15","411180","6.23",NULL,"გოჩა კაჭარავა","მარი ქუთათელაძე"
,"418697",NULL,,NULL,"20200119171017.015","2020-01-19 17:10:17","15",NULL,"0.03","123.8",NULL,,"ინდონეზია",,"global","41","0","41","0",NULL,NULL,NULL,NULL,NULL,NULL,NULL,"0","earthquake",,,"No",,"Other","153","36","2020-01-20 08:25:30","418697","6.10",NULL,"ნიკა დვალი","ნინო ჩიქოვანი"
,"422840",NULL,,NULL,"20200223160028.550","2020-02-23 16:00:28","550","0.43","38.4236","44.5155","3.21",,"ირან თრქეთის სასაზღვრო რეგიონი",,"regional","61","61","90","90","93","53","0.9",NULL,NULL,"1.6",NULL,"28","earthquake",,,"No",,"Hypo 71","17","17","2021-01-27 12:55:04","422840","6.26",NULL,"მანანა ძმანაშვილი","მანანა ძმანაშვილი"
,"422900",NULL,,NULL,"20200223055258.480","2020-02-23 05:52:58","480","0.39","38.4386","44.5031","5.91",,"ირან თურქეთის საზღვარი",,"regional","73","73","102","102","117","51","0.9",NULL,NULL,"1.6",NULL,"28","earthquake",,,"No",,"Hypo 71","17","17","2020-02-25 10:28:35","422900","5.68",NULL,"მანანა ძმანაშვილი","მანანა ძმანაშვილი"
,"429281",NULL,,NULL,"20200614142507.670","2020-06-14 14:25:07","670",NULL,"39.31","40.82","5",,"თურქეთი",,"regional","37","0","39","0",NULL,NULL,NULL,NULL,NULL,NULL,NULL,"28","earthquake",,,"No",,"Other","31","114","2025-04-30 04:44:32","429281","5.75",NULL,"მარინე ზიბზიბაძე","თინათინი როსტომაშვილი"
,"475887",NULL,,NULL,"20211101171430.663","2021-11-01 17:14:30","663",NULL,"0.28","96.71",NULL,,"ინდონეზია",,"global","47","0","47","0",NULL,NULL,NULL,NULL,NULL,NULL,NULL,"0","earthquake",,,"No",,"Other","33","33","2021-11-04 16:00:17","475887","6.00",NULL,"მარი ქუთათელაძე","მარი ქუთათელაძე"
,"476721",NULL,,NULL,"20211110155608.810","2021-11-10 15:56:08","810",NULL,"23.59","123.53",NULL,,"	SOUTHEAST OF RYUKYU ISLANDS",,"global","46","0","89","0",NULL,NULL,NULL,NULL,NULL,NULL,NULL,"0","earthquake",,,"No",,"Other","17","17","2021-11-10 17:58:01","476721","6.50",NULL,"მანანა ძმანაშვილი","მანანა ძმანაშვილი"
,"486002","GNSMC2022dbzc",,NULL,"20220213182554.730","2022-02-13 18:25:54","730","0.3","41.1665","43.9348","15",," ქალაქი დმანისი - სამხრეთ-დასავლეთი - 26კმ. სოფელი სამება - 9კმ."," City Dmanisi - South-West - 26km. Village Sameba - 9km.","local","70","65","125","98","38","30","0.4",NULL,NULL,"0.9",NULL,"28","earthquake","2022-02-13 18:25:54(UTC). მაგნიტუდა = 6.1ml.  ქალაქი დმანისი - სამხრეთ-დასავლეთი - 26კმ. სოფელი სამება - 9კმ.","2022-02-13 18:25:54(UTC). Magnitude = 6.1ml.  City Dmanisi - South-West - 26km. Village Sameba - 9km.","Yes",,"Hypo 71_MT(Depth)","106","166","2025-04-25 07:47:04","486002","6.06",NULL,"Seiscomp","ლანა რატიანი"
